epoch,time,train/box_loss,train/cls_loss,train/dfl_loss,metrics/precision(B),metrics/recall(B),metrics/mAP50(B),metrics/mAP50-95(B),val/box_loss,val/cls_loss,val/dfl_loss,lr/pg0,lr/pg1,lr/pg2
1,10.9007,1.99802,6.67741,1.75404,0.04162,0.24,0.0211,0.00579,2.28548,6.26895,2.17699,0.09406,6e-05,6e-05
2,21.5624,1.80684,5.23172,1.73351,0.16948,0.44,0.1552,0.05717,1.97554,10.7107,2.04024,0.0871297,0.000129743,0.000129743
3,34.8425,1.53305,1.60893,1.43573,0.20081,0.4,0.21849,0.07938,2.02105,5.22698,2.09165,0.0801992,0.000199208,0.000199208
4,46.9115,1.44913,1.196,1.33774,0.25398,0.32701,0.21565,0.09547,1.87215,3.04834,1.8172,0.0732684,0.000268396,0.000268396
5,58.9324,1.37393,1.04184,1.23311,0.42804,0.68,0.53951,0.26124,1.94325,1.75024,1.87575,0.0663373,0.000337307,0.000337307
6,71.1888,1.41243,0.96684,1.24194,0.72878,0.48,0.64091,0.32635,1.79615,1.50221,1.6001,0.0594059,0.000405941,0.000405941
7,83.7646,1.34481,0.91655,1.20774,0.92374,0.56,0.72196,0.37638,1.82402,1.46694,1.69555,0.0524743,0.000474298,0.000474298
8,95.4255,1.32388,0.83591,1.18435,0.87313,0.6,0.69556,0.37452,1.7166,1.30658,1.56605,0.0455424,0.000542377,0.000542377
9,108.061,1.22786,0.79436,1.15014,0.77824,0.6,0.68624,0.38044,1.61942,1.551,1.56773,0.0386102,0.000610179,0.000610179
10,120.311,1.2559,0.77423,1.18413,0.74,0.6,0.68745,0.38112,1.61902,1.61556,1.5017,0.0316777,0.000677704,0.000677704
11,133.461,1.2083,0.74385,1.12438,0.7595,0.76,0.74481,0.39063,1.59804,1.95316,1.56185,0.024745,0.000744952,0.000744952
12,143.479,1.24428,0.79822,1.15675,0.81354,0.52,0.69512,0.31978,1.80155,1.96317,1.80747,0.0178119,0.000811923,0.000811923
13,153.396,1.20702,0.78804,1.12985,0.41514,0.36,0.43934,0.21558,1.84812,2.8953,2.01833,0.0108786,0.000878616,0.000878616
14,164.262,1.17292,0.7646,1.14021,0.88706,0.62879,0.6963,0.34416,1.71524,2.09563,1.69691,0.00394503,0.000945032,0.000945032
15,175.63,1.1583,0.73338,1.09999,0.90693,0.52,0.6667,0.35928,1.65849,1.61983,1.63427,0.00097228,0.00097228,0.00097228
16,187.464,1.16482,0.74189,1.11224,0.81806,0.68,0.7461,0.39028,1.70328,1.83921,1.78134,0.0009703,0.0009703,0.0009703
17,197.998,1.16114,0.73929,1.10173,0.91249,0.64,0.74437,0.38961,1.73654,1.78762,1.79275,0.00096832,0.00096832,0.00096832
18,208.958,1.07297,0.65856,1.08005,0.88961,0.76,0.80759,0.41657,1.80718,0.96224,1.74257,0.00096634,0.00096634,0.00096634
19,220.624,1.135,0.71201,1.10934,0.93347,0.72,0.79943,0.40181,1.93634,1.03891,1.84347,0.00096436,0.00096436,0.00096436
20,231.87,1.02789,0.6171,1.05578,0.89579,0.76,0.87048,0.43992,1.86921,1.00984,1.84708,0.00096238,0.00096238,0.00096238
21,244.018,1.09978,0.68157,1.0894,0.90438,0.8,0.84175,0.43191,1.83463,1.25072,1.78775,0.0009604,0.0009604,0.0009604
22,256.052,1.0922,0.66644,1.09386,0.72671,0.88,0.83985,0.41125,1.96156,1.03839,1.96236,0.00095842,0.00095842,0.00095842
23,267.12,1.09341,0.67068,1.10394,0.88642,0.62488,0.79533,0.39175,2.02366,1.10429,1.90795,0.00095644,0.00095644,0.00095644
24,276.972,1.02754,0.65956,1.07818,0.95201,0.79374,0.88908,0.41641,1.84247,1.15367,1.72051,0.00095446,0.00095446,0.00095446
25,290.008,1.04874,0.67626,1.06211,0.95215,0.79607,0.88832,0.40791,1.88893,1.14807,1.78269,0.00095248,0.00095248,0.00095248
26,303.923,1.06733,0.65952,1.07069,0.72616,0.74289,0.74982,0.35917,1.90651,1.47755,1.81107,0.0009505,0.0009505,0.0009505
27,317.731,1.10302,0.67769,1.09184,0.84344,0.64675,0.77262,0.43603,1.7064,1.06627,1.63398,0.00094852,0.00094852,0.00094852
28,331.8,1.06263,0.63409,1.06713,0.89938,0.76,0.85794,0.44176,1.64373,1.01181,1.5775,0.00094654,0.00094654,0.00094654
29,344.784,1.02838,0.61559,1.05178,0.8919,0.76,0.86822,0.45672,1.6576,1.04791,1.60448,0.00094456,0.00094456,0.00094456
30,356.834,0.99866,0.62024,1.04636,0.79616,0.8,0.85468,0.45677,1.65787,1.00354,1.59231,0.00094258,0.00094258,0.00094258
31,370.616,1.01731,0.61248,1.04295,0.76203,0.64047,0.74294,0.42897,1.71146,1.06397,1.70982,0.0009406,0.0009406,0.0009406
32,383.103,0.9468,0.56486,1.01584,0.9267,0.64,0.73321,0.44303,1.67306,0.86389,1.60908,0.00093862,0.00093862,0.00093862
33,395.633,0.93239,0.55295,1.0163,0.87303,0.64,0.73675,0.46372,1.54938,0.86006,1.55015,0.00093664,0.00093664,0.00093664
34,407.884,1.02205,0.60793,1.09255,0.70271,0.8,0.81689,0.47063,1.6358,0.88492,1.50075,0.00093466,0.00093466,0.00093466
35,418.786,0.99119,0.56796,1.0361,0.74261,0.80807,0.82726,0.45405,1.66984,0.90094,1.51641,0.00093268,0.00093268,0.00093268
36,430.132,0.92332,0.57292,1.03799,0.74759,0.84,0.83403,0.45301,1.704,0.88747,1.52877,0.0009307,0.0009307,0.0009307
37,442.196,0.93103,0.56195,1.02397,0.8177,0.76,0.84569,0.45915,1.67014,0.86235,1.52456,0.00092872,0.00092872,0.00092872
38,453.05,0.889,0.51251,1.00821,0.77284,0.68,0.75238,0.41381,1.70967,0.89489,1.62382,0.00092674,0.00092674,0.00092674
39,464.253,0.88958,0.53191,0.96991,0.89425,0.67665,0.78017,0.44178,1.63562,0.92788,1.51529,0.00092476,0.00092476,0.00092476
40,475.498,0.93079,0.55692,1.04588,0.98923,0.76,0.85869,0.48819,1.57387,0.83361,1.44269,0.00092278,0.00092278,0.00092278
41,486.561,0.91345,0.54325,1.00309,0.97569,0.76,0.86297,0.496,1.61571,0.83778,1.5298,0.0009208,0.0009208,0.0009208
42,497.687,0.9158,0.54085,1.00508,0.89982,0.72,0.83559,0.45484,1.72825,0.86122,1.61024,0.00091882,0.00091882,0.00091882
43,510.318,0.87907,0.54647,0.99189,0.94807,0.73061,0.85179,0.43984,1.70073,0.8056,1.58698,0.00091684,0.00091684,0.00091684
44,521.6,0.90356,0.52104,1.00054,0.83196,0.72,0.82411,0.44715,1.8136,0.93024,1.71745,0.00091486,0.00091486,0.00091486
45,534.435,0.85072,0.51324,0.98983,0.88217,0.8,0.86824,0.44309,1.82525,0.98265,1.71199,0.00091288,0.00091288,0.00091288
46,547.822,0.88902,0.53005,0.98403,0.83688,0.68,0.8255,0.44119,1.76799,0.90772,1.58443,0.0009109,0.0009109,0.0009109
47,559.071,0.83558,0.52518,0.96741,0.81251,0.69378,0.81969,0.44252,1.69266,0.86173,1.57713,0.00090892,0.00090892,0.00090892
48,570.205,0.84608,0.51957,0.9757,0.86423,0.76401,0.84607,0.4842,1.5656,0.82105,1.52972,0.00090694,0.00090694,0.00090694
49,581.376,0.83673,0.49588,0.95177,0.79831,0.8,0.83221,0.48229,1.54809,0.83352,1.48716,0.00090496,0.00090496,0.00090496
50,593.335,0.83402,0.48544,0.95023,0.93403,0.72,0.83287,0.48445,1.52687,0.8527,1.40006,0.00090298,0.00090298,0.00090298
51,605.215,0.84553,0.47805,0.96746,0.78402,0.87144,0.86318,0.48476,1.63653,0.78747,1.51557,0.000901,0.000901,0.000901
52,617.528,0.84091,0.52171,0.98335,0.81371,0.76,0.83756,0.47636,1.56717,0.85599,1.50718,0.00089902,0.00089902,0.00089902
53,629.216,0.78228,0.46534,0.92824,0.83021,0.76,0.83271,0.46706,1.54893,0.85894,1.46854,0.00089704,0.00089704,0.00089704
54,640.892,0.82458,0.50181,0.96063,0.69467,0.8,0.79521,0.4347,1.75062,0.91211,1.65828,0.00089506,0.00089506,0.00089506
55,652.635,0.81698,0.48303,0.96207,0.72962,0.68,0.73995,0.3954,1.78061,0.992,1.68999,0.00089308,0.00089308,0.00089308
56,663.38,0.79052,0.46318,0.95607,0.87108,0.6,0.74212,0.3921,1.73208,1.10507,1.69526,0.0008911,0.0008911,0.0008911
57,674.817,0.79043,0.47364,0.96558,0.91623,0.6,0.72139,0.39,1.77718,1.05371,1.72826,0.00088912,0.00088912,0.00088912
58,685.435,0.82495,0.48958,0.9624,0.75801,0.75206,0.75593,0.41361,1.73702,1.01264,1.71759,0.00088714,0.00088714,0.00088714
59,696.856,0.80435,0.49101,0.96957,0.83421,0.68,0.75073,0.38609,1.75704,0.90925,1.77391,0.00088516,0.00088516,0.00088516
60,709.323,0.80956,0.5127,0.96836,0.88914,0.72,0.79546,0.39156,1.66481,0.89951,1.65142,0.00088318,0.00088318,0.00088318
61,720.578,0.75313,0.46781,0.92408,0.88478,0.72,0.78632,0.40994,1.69443,0.98373,1.62309,0.0008812,0.0008812,0.0008812
62,732.708,0.76896,0.49025,0.9397,0.93201,0.68,0.75667,0.35702,1.78829,1.06479,1.72033,0.00087922,0.00087922,0.00087922
63,744.545,0.80719,0.48712,0.96338,0.89595,0.72,0.83093,0.43498,1.59181,0.84172,1.54583,0.00087724,0.00087724,0.00087724
64,756.546,0.78014,0.48203,0.94325,0.98364,0.72,0.85645,0.45215,1.55984,0.78406,1.53358,0.00087526,0.00087526,0.00087526
65,767.639,0.78999,0.47031,0.95287,0.86894,0.79579,0.8801,0.46319,1.64861,0.80402,1.60878,0.00087328,0.00087328,0.00087328
66,778.547,0.78772,0.48287,0.95483,0.86352,0.8,0.8646,0.46512,1.76781,0.86143,1.75821,0.0008713,0.0008713,0.0008713
67,790.279,0.7736,0.4726,0.95348,0.88601,0.76,0.85695,0.48692,1.5737,0.79847,1.61913,0.00086932,0.00086932,0.00086932
68,800.828,0.77782,0.47133,0.94562,0.93182,0.76,0.85296,0.4737,1.53622,0.82678,1.5806,0.00086734,0.00086734,0.00086734
69,812.198,0.75289,0.46401,0.95455,0.93305,0.76,0.85903,0.47249,1.55333,0.83482,1.55683,0.00086536,0.00086536,0.00086536
70,824.427,0.73296,0.46543,0.94258,0.93633,0.76,0.84195,0.48243,1.54932,0.8854,1.53769,0.00086338,0.00086338,0.00086338
71,833.81,0.72149,0.44171,0.93136,0.95106,0.77784,0.86592,0.47643,1.59123,0.80909,1.58309,0.0008614,0.0008614,0.0008614
72,844.776,0.74575,0.44089,0.95876,0.85724,0.76,0.84177,0.42465,1.73618,0.78747,1.67658,0.00085942,0.00085942,0.00085942
73,856.606,0.78955,0.46935,0.95696,0.74672,0.82583,0.83858,0.43564,1.75914,0.83118,1.69156,0.00085744,0.00085744,0.00085744
74,867.68,0.74778,0.45845,0.94525,0.76363,0.84,0.86397,0.48685,1.68573,0.87892,1.64566,0.00085546,0.00085546,0.00085546
75,880.619,0.78294,0.46699,0.95659,0.806,0.8312,0.85743,0.46824,1.68402,0.78755,1.65642,0.00085348,0.00085348,0.00085348
76,892.658,0.73772,0.45998,0.93516,0.83777,0.82661,0.84717,0.45189,1.70877,0.81871,1.66387,0.0008515,0.0008515,0.0008515
77,904.191,0.75188,0.46487,0.95068,0.83244,0.79509,0.83694,0.44472,1.69325,0.81176,1.65926,0.00084952,0.00084952,0.00084952
78,915.598,0.72913,0.436,0.92748,0.90193,0.73619,0.81035,0.46893,1.66885,0.887,1.65655,0.00084754,0.00084754,0.00084754
79,926.195,0.73994,0.45311,0.96629,0.90487,0.76098,0.85297,0.45892,1.7574,0.89662,1.70798,0.00084556,0.00084556,0.00084556
80,937.793,0.77983,0.459,0.96059,0.91866,0.76,0.79882,0.44342,1.79194,1.04263,1.71252,0.00084358,0.00084358,0.00084358
81,949.558,0.71037,0.4336,0.93176,0.83018,0.76,0.79635,0.42273,1.79733,1.02053,1.71691,0.0008416,0.0008416,0.0008416
82,960.789,0.68686,0.43314,0.92275,0.82799,0.8,0.84255,0.43522,1.75057,0.99022,1.63138,0.00083962,0.00083962,0.00083962
83,971.078,0.69983,0.44155,0.9413,0.78776,0.8,0.80885,0.45041,1.69736,0.88141,1.60241,0.00083764,0.00083764,0.00083764
84,983.444,0.71219,0.43655,0.9304,0.8478,0.8,0.85195,0.47826,1.6518,0.79771,1.55231,0.00083566,0.00083566,0.00083566
85,994.201,0.69106,0.44123,0.91495,0.86961,0.8,0.85993,0.49761,1.6153,0.74622,1.52995,0.00083368,0.00083368,0.00083368
86,1006.09,0.69458,0.43471,0.90738,0.87178,0.88,0.89226,0.49091,1.62043,0.75026,1.57911,0.0008317,0.0008317,0.0008317
87,1017.75,0.68086,0.41798,0.91638,0.87487,0.84,0.88855,0.47384,1.69659,0.90304,1.684,0.00082972,0.00082972,0.00082972
88,1029.6,0.68846,0.40289,0.92765,0.81728,0.84,0.87401,0.48421,1.55062,0.9431,1.531,0.00082774,0.00082774,0.00082774
89,1040.75,0.68353,0.42844,0.91851,0.84115,0.76,0.85469,0.45509,1.53863,0.92335,1.52397,0.00082576,0.00082576,0.00082576
90,1052.1,0.69909,0.42754,0.92155,0.94089,0.63691,0.78833,0.44684,1.61346,1.08371,1.61238,0.00082378,0.00082378,0.00082378
91,1065.13,0.67639,0.43488,0.89708,0.74974,0.76,0.78958,0.47075,1.60081,0.94526,1.56176,0.0008218,0.0008218,0.0008218
92,1076.38,0.68372,0.42851,0.91937,0.80501,0.82604,0.87417,0.49057,1.61817,0.93797,1.53241,0.00081982,0.00081982,0.00081982
93,1087.64,0.7088,0.43155,0.92146,0.85138,0.76,0.88169,0.47876,1.63577,0.92066,1.54078,0.00081784,0.00081784,0.00081784
94,1099.87,0.67183,0.42813,0.90913,0.87351,0.82902,0.89524,0.47826,1.64605,0.86534,1.57424,0.00081586,0.00081586,0.00081586
95,1110.88,0.67618,0.41185,0.92195,0.95075,0.77264,0.88658,0.48975,1.54618,0.76454,1.5036,0.00081388,0.00081388,0.00081388
96,1124.26,0.6412,0.39657,0.93327,0.9112,0.82139,0.92466,0.49512,1.54298,0.74174,1.54899,0.0008119,0.0008119,0.0008119
97,1136.55,0.64806,0.41274,0.89846,0.95411,0.83187,0.92683,0.48554,1.57529,0.7466,1.58673,0.00080992,0.00080992,0.00080992
98,1148.95,0.66299,0.41485,0.93609,0.85491,0.84,0.8528,0.46365,1.69716,0.90018,1.70795,0.00080794,0.00080794,0.00080794
99,1161.44,0.63315,0.42203,0.8991,0.91275,0.83704,0.90852,0.48652,1.65651,0.83289,1.64867,0.00080596,0.00080596,0.00080596
100,1174.11,0.6188,0.40151,0.89442,0.93188,0.84,0.91597,0.504,1.61857,0.77309,1.60892,0.00080398,0.00080398,0.00080398
101,1187.9,0.66288,0.40355,0.93145,0.84706,0.84,0.89869,0.49379,1.64393,0.79389,1.65321,0.000802,0.000802,0.000802
102,1202.62,0.61167,0.3855,0.88945,0.83896,0.88,0.86796,0.47659,1.65153,0.88831,1.64922,0.00080002,0.00080002,0.00080002
103,1216.33,0.64104,0.38635,0.88566,0.94824,0.88,0.89198,0.48935,1.5843,0.87392,1.54919,0.00079804,0.00079804,0.00079804
104,1229.92,0.63527,0.4038,0.90923,0.80544,0.82827,0.83157,0.47932,1.59974,0.91277,1.57934,0.00079606,0.00079606,0.00079606
105,1243.28,0.64653,0.39709,0.89768,0.85221,0.84,0.88095,0.4928,1.58701,0.8798,1.58236,0.00079408,0.00079408,0.00079408
106,1258.06,0.67691,0.4213,0.93294,0.95413,0.84,0.89373,0.47579,1.54052,0.88278,1.52639,0.0007921,0.0007921,0.0007921
107,1272.07,0.64951,0.4101,0.92187,0.83935,0.83611,0.87289,0.47113,1.64798,1.00681,1.55885,0.00079012,0.00079012,0.00079012
108,1286.82,0.6355,0.39561,0.89114,0.91443,0.8,0.88367,0.46538,1.64669,0.9794,1.5963,0.00078814,0.00078814,0.00078814
109,1302.44,0.64207,0.39929,0.92315,0.88973,0.76,0.82972,0.4684,1.65324,1.00301,1.59801,0.00078616,0.00078616,0.00078616
110,1317.28,0.6779,0.41228,0.91477,0.94968,0.75509,0.86331,0.47446,1.58721,0.9275,1.52083,0.00078418,0.00078418,0.00078418
111,1330.55,0.67836,0.40685,0.91815,0.86785,0.76,0.8062,0.45615,1.60658,0.88213,1.53204,0.0007822,0.0007822,0.0007822
112,1345.23,0.65563,0.39405,0.91805,0.97122,0.76,0.88519,0.49928,1.58127,0.91607,1.57191,0.00078022,0.00078022,0.00078022
113,1361.93,0.6733,0.39478,0.89189,0.95011,0.76189,0.86391,0.51329,1.56561,0.96564,1.55379,0.00077824,0.00077824,0.00077824
114,1377.44,0.65199,0.39412,0.89396,0.8224,0.76,0.82489,0.48621,1.63073,0.97741,1.51393,0.00077626,0.00077626,0.00077626
115,1391.39,0.67536,0.40639,0.92284,0.89714,0.69825,0.82923,0.47186,1.68373,0.95124,1.56822,0.00077428,0.00077428,0.00077428
116,1403,0.63003,0.38494,0.89673,0.95445,0.76,0.88113,0.50634,1.57547,0.88857,1.47143,0.0007723,0.0007723,0.0007723
117,1416,0.68937,0.41917,0.93208,0.9314,0.72,0.84534,0.49018,1.58137,0.87739,1.47556,0.00077032,0.00077032,0.00077032
118,1428.09,0.62846,0.40241,0.91031,0.92453,0.72,0.82701,0.48197,1.66002,0.846,1.55476,0.00076834,0.00076834,0.00076834
119,1441.23,0.55814,0.34648,0.86538,0.99234,0.76,0.88756,0.49864,1.65213,0.76556,1.55596,0.00076636,0.00076636,0.00076636
120,1453.17,0.64166,0.39261,0.88298,0.83787,0.88,0.90404,0.53276,1.57518,0.75638,1.57171,0.00076438,0.00076438,0.00076438
121,1465.03,0.6175,0.37826,0.91186,0.91419,0.8527,0.91549,0.50927,1.56796,0.77481,1.55835,0.0007624,0.0007624,0.0007624
122,1477.98,0.62528,0.38852,0.87801,1,0.7954,0.92598,0.49531,1.72899,0.82172,1.70541,0.00076042,0.00076042,0.00076042
123,1490.88,0.63385,0.39739,0.88984,0.93473,0.84,0.9284,0.46581,1.71163,0.791,1.69038,0.00075844,0.00075844,0.00075844
124,1504.38,0.61248,0.38517,0.9016,0.90446,0.84,0.88947,0.49736,1.61025,0.7659,1.61773,0.00075646,0.00075646,0.00075646
125,1516.22,0.6416,0.39838,0.90214,0.90556,0.84,0.89533,0.50574,1.59594,0.79665,1.59789,0.00075448,0.00075448,0.00075448
126,1528.33,0.59048,0.37612,0.88569,0.90254,0.8,0.86728,0.49504,1.63564,0.77731,1.58748,0.0007525,0.0007525,0.0007525
127,1538.36,0.62227,0.37837,0.90604,0.95118,0.88,0.91051,0.49913,1.5843,0.80562,1.55627,0.00075052,0.00075052,0.00075052
128,1550.06,0.62049,0.38249,0.89408,0.97342,0.84,0.90756,0.53917,1.49421,0.72083,1.48716,0.00074854,0.00074854,0.00074854
129,1560.17,0.58882,0.36476,0.89203,0.87233,0.88,0.91963,0.53019,1.54145,0.71361,1.53996,0.00074656,0.00074656,0.00074656
130,1572.87,0.57157,0.36937,0.87962,0.93158,0.76,0.85233,0.47733,1.61263,0.70466,1.57075,0.00074458,0.00074458,0.00074458
131,1585.32,0.56727,0.37847,0.86106,0.89978,0.76,0.85632,0.47028,1.62215,0.71732,1.59856,0.0007426,0.0007426,0.0007426
132,1597.99,0.54027,0.35135,0.86494,0.86581,0.84,0.89748,0.50539,1.60595,0.70616,1.60922,0.00074062,0.00074062,0.00074062
133,1611.07,0.54093,0.35047,0.89336,0.86863,0.84,0.91547,0.50449,1.63017,0.70113,1.61735,0.00073864,0.00073864,0.00073864
134,1623.68,0.54631,0.35201,0.87013,0.81215,0.88,0.91069,0.50172,1.70977,0.71972,1.64544,0.00073666,0.00073666,0.00073666
135,1638.87,0.59392,0.37742,0.89653,0.99826,0.72,0.87708,0.47388,1.75409,0.77888,1.69467,0.00073468,0.00073468,0.00073468
136,1652.34,0.55535,0.35661,0.86485,0.94818,0.73241,0.86835,0.48414,1.73607,0.78545,1.71572,0.0007327,0.0007327,0.0007327
137,1665.16,0.55915,0.37185,0.88642,0.86859,0.79345,0.84533,0.47597,1.72072,0.80378,1.707,0.00073072,0.00073072,0.00073072
138,1678.24,0.60486,0.3871,0.91352,0.94515,0.8,0.88199,0.47777,1.73282,0.82258,1.69809,0.00072874,0.00072874,0.00072874
139,1690.99,0.60058,0.37915,0.91009,0.92674,0.8,0.87821,0.45013,1.79865,0.87253,1.74013,0.00072676,0.00072676,0.00072676
140,1703.92,0.57571,0.36434,0.88286,0.98257,0.76,0.90346,0.46236,1.77348,0.89638,1.74053,0.00072478,0.00072478,0.00072478
141,1716.71,0.62157,0.39344,0.89394,0.98293,0.76,0.90068,0.45121,1.74186,0.88277,1.71545,0.0007228,0.0007228,0.0007228
142,1729.27,0.58447,0.38212,0.88817,0.98861,0.76,0.90074,0.46749,1.63954,0.83555,1.63832,0.00072082,0.00072082,0.00072082
143,1742.75,0.59783,0.37624,0.87885,1,0.74792,0.90495,0.47014,1.62926,0.77524,1.62416,0.00071884,0.00071884,0.00071884
144,1755.25,0.59591,0.37969,0.88917,0.94283,0.8,0.84708,0.45955,1.68471,0.75431,1.64422,0.00071686,0.00071686,0.00071686
145,1768.37,0.56529,0.36256,0.89816,0.86311,0.84,0.87189,0.46399,1.71363,0.78115,1.65979,0.00071488,0.00071488,0.00071488
146,1780.95,0.56269,0.3543,0.89142,0.79025,0.90453,0.88247,0.46802,1.74416,0.91514,1.71343,0.0007129,0.0007129,0.0007129
147,1795.46,0.55628,0.35689,0.88397,0.7728,0.84,0.82938,0.4348,1.74188,0.93087,1.71107,0.00071092,0.00071092,0.00071092
148,1808.9,0.56598,0.35324,0.88806,0.74926,0.84,0.82762,0.41749,1.78336,0.93063,1.68986,0.00070894,0.00070894,0.00070894
149,1822.42,0.56257,0.35651,0.88245,0.8563,0.7153,0.82659,0.43923,1.75727,0.92116,1.67854,0.00070696,0.00070696,0.00070696
150,1836.3,0.55709,0.36202,0.88073,0.98758,0.72,0.85071,0.45634,1.70385,0.99099,1.6718,0.00070498,0.00070498,0.00070498
151,1849,0.56949,0.36236,0.88189,0.98964,0.72,0.85196,0.43652,1.76963,1.01641,1.73506,0.000703,0.000703,0.000703
152,1862.31,0.53551,0.34877,0.85714,0.93083,0.68,0.8125,0.43187,1.79287,1.0705,1.75124,0.00070102,0.00070102,0.00070102
153,1876.13,0.55026,0.35963,0.86795,0.89471,0.72,0.78551,0.43089,1.80199,1.11191,1.76223,0.00069904,0.00069904,0.00069904
154,1889.61,0.58555,0.37541,0.89735,0.89437,0.72,0.809,0.43617,1.74878,1.03897,1.71874,0.00069706,0.00069706,0.00069706
155,1902.87,0.5206,0.35129,0.85334,0.82593,0.8,0.78924,0.40423,1.75486,0.92675,1.71302,0.00069508,0.00069508,0.00069508
156,1916.14,0.58677,0.37469,0.89177,0.89962,0.72,0.78534,0.40295,1.72464,0.79985,1.70094,0.0006931,0.0006931,0.0006931
157,1928.54,0.58547,0.37042,0.88198,0.97944,0.72,0.85188,0.44254,1.67187,0.75346,1.68745,0.00069112,0.00069112,0.00069112
158,1940.6,0.54961,0.34691,0.85762,0.97773,0.72,0.86676,0.48003,1.672,0.73151,1.68192,0.00068914,0.00068914,0.00068914
159,1953.7,0.49708,0.32095,0.85231,0.79828,0.79177,0.82622,0.45331,1.68104,0.76578,1.68702,0.00068716,0.00068716,0.00068716
160,1963.78,0.53343,0.33057,0.8569,0.9002,0.68,0.78947,0.46021,1.66048,0.80013,1.70974,0.00068518,0.00068518,0.00068518
161,1976.2,0.55085,0.35363,0.87243,0.90886,0.79787,0.84503,0.45926,1.66277,0.7919,1.71838,0.0006832,0.0006832,0.0006832
162,1990.12,0.52847,0.34411,0.86379,0.86165,0.8,0.86723,0.46091,1.67541,0.76463,1.7204,0.00068122,0.00068122,0.00068122
163,2002.78,0.53222,0.35024,0.85884,0.99832,0.72,0.87044,0.45054,1.71709,0.75278,1.77621,0.00067924,0.00067924,0.00067924
164,2014.87,0.54465,0.33169,0.87382,1,0.71169,0.85891,0.4451,1.73448,0.75148,1.79679,0.00067726,0.00067726,0.00067726
165,2026.81,0.49711,0.31985,0.85231,1,0.71007,0.84398,0.44759,1.7243,0.77004,1.76302,0.00067528,0.00067528,0.00067528
166,2039.71,0.57247,0.36496,0.89411,1,0.7066,0.86489,0.45811,1.72647,0.80629,1.74819,0.0006733,0.0006733,0.0006733
167,2052.79,0.56598,0.35607,0.88344,1,0.71514,0.80258,0.44676,1.69442,0.82,1.72431,0.00067132,0.00067132,0.00067132
168,2065.35,0.53859,0.34549,0.87377,0.9857,0.76,0.8382,0.42283,1.73049,0.87386,1.72593,0.00066934,0.00066934,0.00066934
169,2078.07,0.52784,0.3316,0.85304,0.98377,0.76,0.83959,0.42831,1.73178,0.86401,1.69841,0.00066736,0.00066736,0.00066736
170,2090.05,0.57511,0.36039,0.89738,0.93837,0.76,0.8442,0.46595,1.65263,0.83182,1.59916,0.00066538,0.00066538,0.00066538
171,2103.05,0.55946,0.33921,0.87526,0.93641,0.76,0.88272,0.47617,1.60953,0.78817,1.58734,0.0006634,0.0006634,0.0006634
172,2115.09,0.5317,0.33679,0.88246,0.95196,0.7929,0.88874,0.4571,1.6275,0.76393,1.65392,0.00066142,0.00066142,0.00066142
173,2126.67,0.53785,0.32797,0.86684,0.94438,0.8,0.89059,0.4532,1.62139,0.77637,1.65838,0.00065944,0.00065944,0.00065944
174,2139.19,0.54186,0.35647,0.8667,0.95223,0.7975,0.87738,0.48714,1.55801,0.73797,1.58754,0.00065746,0.00065746,0.00065746
175,2152.08,0.5407,0.35244,0.8712,0.95083,0.8,0.90215,0.51363,1.61054,0.80633,1.62635,0.00065548,0.00065548,0.00065548
176,2164.36,0.531,0.35652,0.87527,0.95224,0.79768,0.90451,0.5034,1.63401,0.8322,1.694,0.0006535,0.0006535,0.0006535
177,2176.85,0.5714,0.36252,0.89007,0.95212,0.79563,0.91275,0.50377,1.64957,0.81162,1.73106,0.00065152,0.00065152,0.00065152
178,2189.38,0.54932,0.34777,0.87826,0.99557,0.76,0.90678,0.48592,1.66352,0.83076,1.74088,0.00064954,0.00064954,0.00064954
179,2202.05,0.51088,0.32898,0.87015,0.90424,0.75559,0.84683,0.48657,1.66338,0.81205,1.68165,0.00064756,0.00064756,0.00064756
180,2215.01,0.52641,0.32828,0.86397,0.85808,0.76,0.85401,0.49047,1.68602,0.84551,1.69045,0.00064558,0.00064558,0.00064558
181,2225.82,0.53383,0.34922,0.87491,0.90349,0.8,0.89953,0.49374,1.63919,0.81215,1.65479,0.0006436,0.0006436,0.0006436
182,2236.47,0.51851,0.32359,0.86843,0.89144,0.88,0.91279,0.48331,1.65098,0.81625,1.67414,0.00064162,0.00064162,0.00064162
183,2247.88,0.50665,0.33198,0.87589,0.86844,0.79239,0.86136,0.48993,1.63902,0.81808,1.64195,0.00063964,0.00063964,0.00063964
184,2259.26,0.47888,0.32296,0.86451,0.90742,0.84,0.8956,0.47315,1.6781,0.81121,1.70099,0.00063766,0.00063766,0.00063766
185,2269.94,0.4792,0.32223,0.84371,0.90454,0.84,0.90315,0.47652,1.63395,0.76487,1.65216,0.00063568,0.00063568,0.00063568
186,2281.46,0.48088,0.32865,0.84429,0.94455,0.84,0.90132,0.50961,1.59097,0.7411,1.63458,0.0006337,0.0006337,0.0006337
187,2292.44,0.49934,0.31711,0.85476,0.87087,0.84,0.87128,0.48817,1.62546,0.78088,1.6668,0.00063172,0.00063172,0.00063172
188,2303.79,0.49472,0.3209,0.87654,0.98027,0.88,0.92365,0.50785,1.68294,0.85958,1.72758,0.00062974,0.00062974,0.00062974
189,2315.46,0.4872,0.31857,0.85103,0.94335,0.88,0.90874,0.50713,1.6929,0.90486,1.72311,0.00062776,0.00062776,0.00062776
190,2327.06,0.47483,0.32124,0.87043,0.95222,0.88,0.92695,0.49997,1.71242,0.90717,1.71797,0.00062578,0.00062578,0.00062578
191,2339.07,0.49322,0.32418,0.85414,0.95375,0.88,0.92676,0.49967,1.65345,0.88875,1.66105,0.0006238,0.0006238,0.0006238
192,2350.75,0.47047,0.31244,0.83798,0.95423,0.83423,0.9125,0.49644,1.6151,0.86103,1.63603,0.00062182,0.00062182,0.00062182
193,2362.12,0.53405,0.34243,0.89113,0.95434,0.83612,0.89619,0.49795,1.59938,0.85895,1.63298,0.00061984,0.00061984,0.00061984
194,2374.36,0.47449,0.32599,0.85553,0.95097,0.84,0.89213,0.50164,1.59498,0.89496,1.64115,0.00061786,0.00061786,0.00061786
195,2385.73,0.51642,0.33488,0.86205,0.99473,0.84,0.89542,0.48744,1.62376,0.8663,1.65955,0.00061588,0.00061588,0.00061588
196,2396.69,0.47373,0.32116,0.86855,0.95349,0.84,0.8953,0.48298,1.63163,0.83186,1.68413,0.0006139,0.0006139,0.0006139
197,2407.75,0.47552,0.32182,0.85025,0.90839,0.84,0.8943,0.48521,1.63194,0.80689,1.67898,0.00061192,0.00061192,0.00061192
198,2420.83,0.49333,0.3083,0.88202,0.8636,0.8,0.84446,0.4781,1.64779,0.80313,1.66496,0.00060994,0.00060994,0.00060994
199,2432.29,0.48081,0.31143,0.85406,0.84124,0.88,0.88373,0.4797,1.72134,0.9077,1.70608,0.00060796,0.00060796,0.00060796
200,2443.16,0.51106,0.34047,0.86993,0.83552,0.88,0.88078,0.47805,1.72895,0.93238,1.73618,0.00060598,0.00060598,0.00060598
201,2455.05,0.49034,0.34043,0.861,0.83371,0.88,0.87937,0.47197,1.69848,0.90232,1.7172,0.000604,0.000604,0.000604
202,2465.87,0.50247,0.32775,0.85797,0.74478,0.8,0.83002,0.46235,1.69121,0.84132,1.68913,0.00060202,0.00060202,0.00060202
203,2477.22,0.5158,0.33863,0.85428,0.79692,0.84,0.83796,0.45182,1.70199,0.87189,1.72072,0.00060004,0.00060004,0.00060004
204,2488.44,0.49476,0.32375,0.87175,0.8942,0.68,0.82877,0.45374,1.61163,0.89379,1.70339,0.00059806,0.00059806,0.00059806
205,2499.14,0.46934,0.31157,0.84114,0.81446,0.76,0.81791,0.4602,1.59844,0.90702,1.70124,0.00059608,0.00059608,0.00059608
206,2509.66,0.45811,0.30171,0.85247,0.99364,0.72,0.8673,0.46019,1.56951,0.87689,1.6549,0.0005941,0.0005941,0.0005941
207,2520.77,0.45904,0.30098,0.85654,0.99716,0.72,0.85754,0.46492,1.57911,0.89892,1.66666,0.00059212,0.00059212,0.00059212
208,2532.39,0.47558,0.32095,0.8512,0.94976,0.75642,0.87831,0.45899,1.55047,0.82239,1.62851,0.00059014,0.00059014,0.00059014
209,2543.18,0.47814,0.30489,0.84472,0.94983,0.76,0.88779,0.46217,1.54874,0.76927,1.62118,0.00058816,0.00058816,0.00058816
210,2554.1,0.50259,0.3253,0.87362,0.95212,0.79569,0.9125,0.49511,1.5749,0.72886,1.60645,0.00058618,0.00058618,0.00058618
211,2565.51,0.46859,0.30378,0.85301,0.89493,0.72,0.85247,0.47779,1.56159,0.7108,1.59971,0.0005842,0.0005842,0.0005842
212,2579.05,0.48388,0.31879,0.85481,0.89987,0.71902,0.86039,0.50295,1.57284,0.73441,1.60229,0.00058222,0.00058222,0.00058222
213,2591.05,0.47396,0.31512,0.85246,0.90386,0.75246,0.85609,0.50214,1.59463,0.76089,1.61433,0.00058024,0.00058024,0.00058024
214,2602.27,0.50021,0.32222,0.86769,0.83265,0.7962,0.84493,0.48481,1.59789,0.8171,1.60338,0.00057826,0.00057826,0.00057826
215,2614.82,0.49746,0.31173,0.86198,0.89884,0.76,0.84997,0.51419,1.56939,0.7986,1.56854,0.00057628,0.00057628,0.00057628
216,2627.02,0.47728,0.31026,0.8646,0.94197,0.72,0.85139,0.52003,1.56425,0.74227,1.56732,0.0005743,0.0005743,0.0005743
217,2637.99,0.45396,0.3008,0.83514,0.94193,0.72,0.859,0.50969,1.58204,0.76229,1.58841,0.00057232,0.00057232,0.00057232
218,2648.42,0.46557,0.30715,0.85313,0.88837,0.84,0.87142,0.49572,1.61878,0.77017,1.63412,0.00057034,0.00057034,0.00057034
219,2660.2,0.47726,0.3092,0.87423,0.89769,0.84,0.85605,0.49348,1.62647,0.78367,1.62212,0.00056836,0.00056836,0.00056836
220,2672.24,0.46019,0.31023,0.8483,0.88283,0.84,0.86039,0.50996,1.6222,0.80795,1.61085,0.00056638,0.00056638,0.00056638
221,2683.17,0.44874,0.30821,0.84128,0.86643,0.84,0.86448,0.50915,1.60889,0.78254,1.59289,0.0005644,0.0005644,0.0005644
222,2695.39,0.473,0.30833,0.83653,0.95194,0.79258,0.86318,0.48487,1.63744,0.72942,1.60538,0.00056242,0.00056242,0.00056242
223,2706.97,0.46478,0.29824,0.85174,0.93834,0.8,0.83762,0.47627,1.68211,0.71476,1.6462,0.00056044,0.00056044,0.00056044
224,2718.12,0.49198,0.32146,0.86221,0.93688,0.8,0.83408,0.4788,1.72432,0.74317,1.70698,0.00055846,0.00055846,0.00055846
225,2729.2,0.4802,0.31621,0.85787,0.92924,0.8,0.82168,0.48224,1.75508,0.78454,1.75515,0.00055648,0.00055648,0.00055648
226,2740.68,0.5112,0.33179,0.86463,0.90443,0.8,0.81957,0.4882,1.77117,0.80742,1.7766,0.0005545,0.0005545,0.0005545
227,2752.75,0.50555,0.3316,0.87306,0.91337,0.76,0.82578,0.48812,1.70379,0.83353,1.72263,0.00055252,0.00055252,0.00055252
228,2764.62,0.48088,0.3207,0.85051,0.90167,0.76,0.82951,0.47539,1.7332,0.92146,1.73277,0.00055054,0.00055054,0.00055054
